-- =====================================================
-- Скрипт заполнения тестовыми данными
-- =====================================================
USE BankCashOrder2;
GO


-- =====================================================
-- 1. Заполнение таблицы ОтделениеБанка (5 отделений)
-- =====================================================
INSERT INTO ОтделениеБанка (код_отделения, название, адрес, телефон, email, часы_работы, город, регион, статус)
VALUES 
('MSK001', 'Центральное отделение', 'г. Москва, ул. Тверская, д. 10', '+74951234567', 'msk001@bank.ru', 'пн-пт 9:00-20:00, сб 10:00-17:00', 'Москва', 'Московская область', 'активно'),
('SPB002', 'Невский проспект', 'г. Санкт-Петербург, Невский пр., д. 25', '+78121234567', 'spb002@bank.ru', 'пн-пт 9:00-21:00, сб 10:00-18:00', 'Санкт-Петербург', 'Ленинградская область', 'активно'),
('EKB003', 'Центральный офис Екатеринбург', 'г. Екатеринбург, пр. Ленина, д. 50', '+73431234567', 'ekb003@bank.ru', 'пн-пт 9:00-19:00, сб 10:00-16:00', 'Екатеринбург', 'Свердловская область', 'активно'),
('NSK004', 'Красный проспект', 'г. Новосибирск, Красный пр., д. 100', '+73831234567', 'nsk004@bank.ru', 'пн-пт 9:00-20:00, сб 10:00-17:00', 'Новосибирск', 'Новосибирская область', 'активно'),
('KZN005', 'Баумана', 'г. Казань, ул. Баумана, д. 30', '+78431234567', 'kzn005@bank.ru', 'пн-пт 9:00-19:00, вс 10:00-15:00', 'Казань', 'Республика Татарстан', 'активно');
GO

PRINT '1. ОтделениеБанка - OK';
GO

-- =====================================================
-- 2. Заполнение таблицы Клиент (15 клиентов)
-- =====================================================
INSERT INTO Клиент (имя, фамилия, телефон, email, серия_паспорта, номер_паспорта, кем_выдан, дата_регистрации, статус, дата_создания)
VALUES
('Иван', 'Иванов', '+79261112233', 'ivan.ivanov@email.com', '4510', '123456', 'УФМС России по г. Москва', '2023-01-15', 'активен', '2023-01-15 10:30:00'),
('Петр', 'Петров', '+79262223344', 'petr.petrov@email.com', '4511', '234567', 'УФМС России по г. Москва', '2023-02-20', 'активен', '2023-02-20 14:25:00'),
('Сергей', 'Сидоров', '+79263334455', 'sergey.sidorov@email.com', '4512', '345678', 'УФМС России по г. Москва', '2023-03-10', 'активен', '2023-03-10 09:15:00'),
('Анна', 'Смирнова', '+79264445566', 'anna.smirnova@email.com', '4513', '456789', 'УФМС России по г. Санкт-Петербург', '2023-04-05', 'активен', '2023-04-05 11:45:00'),
('Елена', 'Кузнецова', '+79265556677', 'elena.kuznetsova@email.com', '4514', '567890', 'УФМС России по г. Санкт-Петербург', '2023-05-12', 'активен', '2023-05-12 16:20:00'),
('Дмитрий', 'Попов', '+79266667788', 'dmitry.popov@email.com', '4515', '678901', 'УФМС России по г. Екатеринбург', '2023-06-18', 'активен', '2023-06-18 13:10:00'),
('Ольга', 'Васильева', '+79267778899', 'olga.vasilieva@email.com', '4516', '789012', 'УФМС России по г. Екатеринбург', '2023-07-22', 'активен', '2023-07-22 10:00:00'),
('Алексей', 'Морозов', '+79268889900', 'aleksey.morozov@email.com', '4517', '890123', 'УФМС России по г. Новосибирск', '2023-08-30', 'активен', '2023-08-30 15:30:00'),
('Татьяна', 'Волкова', '+79269990011', 'tatiana.volkova@email.com', '4518', '901234', 'УФМС России по г. Новосибирск', '2023-09-14', 'активен', '2023-09-14 12:45:00'),
('Николай', 'Соколов', '+79260001122', 'nikolay.sokolov@email.com', '4519', '012345', 'УФМС России по г. Казань', '2023-10-01', 'активен', '2023-10-01 09:00:00'),
('Юлия', 'Михайлова', '+79261112244', 'yulia.mihaylova@email.com', '4520', '112233', 'УФМС России по г. Казань', '2023-11-11', 'активен', '2023-11-11 14:30:00'),
('Максим', 'Федоров', '+79262223355', 'maxim.fedorov@email.com', '4521', '223344', 'УФМС России по г. Москва', '2023-12-05', 'заблокирован', '2023-12-05 11:20:00'),
('Наталья', 'Алексеева', '+79263334466', 'natalya.alekseeva@email.com', '4522', '334455', 'УФМС России по г. Москва', '2024-01-15', 'активен', '2024-01-15 10:15:00'),
('Андрей', 'Лебедев', '+79264445577', 'andrey.lebedev@email.com', '4523', '445566', 'УФМС России по г. Санкт-Петербург', '2024-01-20', 'активен', '2024-01-20 16:40:00'),
('Светлана', 'Козлова', '+79265556688', 'svetlana.kozlova@email.com', '4524', '556677', 'УФМС России по г. Санкт-Петербург', '2024-02-01', 'активен', '2024-02-01 13:55:00');
GO

PRINT '2. Клиент - OK';
GO

-- =====================================================
-- 3. Заполнение таблицы БанковскийСчет (по 1-2 счета на клиента)
-- =====================================================
INSERT INTO БанковскийСчет (клиент_id, номер_счета, валюта, тип_счета, дата_создания, статус)
VALUES
(1, '40817810000000001234', 'RUB', 'дебетовый', '2023-01-15 10:35:00', 'активен'),
(1, '40817978000000004321', 'USD', 'дебетовый', '2023-01-20 09:20:00', 'активен'),
(2, '40817810000000002345', 'RUB', 'дебетовый', '2023-02-20 14:30:00', 'активен'),
(3, '40817810000000003456', 'RUB', 'кредитный', '2023-03-10 09:20:00', 'активен'),
(4, '40817810000000004567', 'RUB', 'дебетовый', '2023-04-05 11:50:00', 'активен'),
(4, '40817978000000005678', 'EUR', 'дебетовый', '2023-04-10 10:15:00', 'активен'),
(5, '40817810000000006789', 'RUB', 'дебетовый', '2023-05-12 16:25:00', 'активен'),
(6, '40817810000000007890', 'RUB', 'дебетовый', '2023-06-18 13:15:00', 'активен'),
(7, '40817810000000008901', 'RUB', 'кредитный', '2023-07-22 10:05:00', 'активен'),
(8, '40817810000000009012', 'RUB', 'дебетовый', '2023-08-30 15:35:00', 'активен'),
(9, '40817810000000010123', 'RUB', 'дебетовый', '2023-09-14 12:50:00', 'активен'),
(10, '40817810000000011234', 'RUB', 'дебетовый', '2023-10-01 09:05:00', 'активен'),
(11, '40817810000000012345', 'RUB', 'дебетовый', '2023-11-11 14:35:00', 'активен'),
(13, '40817810000000014567', 'RUB', 'дебетовый', '2024-01-15 10:20:00', 'активен'),
(14, '40817810000000015678', 'RUB', 'дебетовый', '2024-01-20 16:45:00', 'активен'),
(15, '40817810000000016789', 'RUB', 'дебетовый', '2024-02-01 14:00:00', 'активен');
GO

PRINT '3. БанковскийСчет - OK';
GO

-- =====================================================
-- 4. Заполнение таблицы Сотрудник (по 2-3 сотрудника на отделение)
-- =====================================================
INSERT INTO Сотрудник (отделение_id, имя, фамилия, должность, email, внутренний_телефон, логин, роль, статус)
VALUES
(1, 'Анна', 'Смирнова', 'Старший кассир', 'a.smirnova@bank.ru', '101', 'smirnova_a', 'кассир', 'активен'),
(1, 'Олег', 'Иванов', 'Кассир', 'o.ivanov@bank.ru', '102', 'ivanov_o', 'кассир', 'активен'),
(1, 'Елена', 'Петрова', 'Менеджер', 'e.petrova@bank.ru', '103', 'petrova_e', 'менеджер', 'активен'),
(2, 'Дмитрий', 'Соколов', 'Кассир', 'd.sokolov@bank.ru', '201', 'sokolov_d', 'кассир', 'активен'),
(2, 'Мария', 'Кузнецова', 'Старший кассир', 'm.kuznetsova@bank.ru', '202', 'kuznetsova_m', 'кассир', 'активен'),
(3, 'Сергей', 'Попов', 'Кассир', 's.popov@bank.ru', '301', 'popov_s', 'кассир', 'активен'),
(3, 'Татьяна', 'Васильева', 'Менеджер', 't.vasilieva@bank.ru', '302', 'vasilieva_t', 'менеджер', 'активен'),
(3, 'Алексей', 'Морозов', 'Служба безопасности', 'a.morozov@bank.ru', '303', 'morozov_a', 'безопасность', 'активен'),
(4, 'Наталья', 'Волкова', 'Кассир', 'n.volkova@bank.ru', '401', 'volkova_n', 'кассир', 'активен'),
(4, 'Игорь', 'Сидоров', 'Кассир', 'i.sidorov@bank.ru', '402', 'sidorov_i', 'кассир', 'активен'),
(5, 'Юлия', 'Михайлова', 'Кассир', 'y.mihaylova@bank.ru', '501', 'mihaylova_y', 'кассир', 'активен'),
(5, 'Константин', 'Федоров', 'Менеджер', 'k.fedorov@bank.ru', '502', 'fedorov_k', 'менеджер', 'активен');
GO

PRINT '4. Сотрудник - OK';
GO

-- =====================================================
-- 5. Заполнение таблицы ЗаказНаличных
-- =====================================================
-- Отделение 1 (Москва) - 9 заказов
INSERT INTO ЗаказНаличных (клиент_id, счет_id, отделение_id, сумма, валюта, дата_запроса, статус_Заказа, комиссия, код_получения, срок_получения, назначенный_сотрудник_id, выполнивший_сотрудник_id, дата_выполнения, причина_отмены, дата_создания)
VALUES
(1, 1, 1, 50000.00, 'RUB', '2023-01-15 11:30:00', 'Выдан', 150.00, 'A1B2C3', '2023-01-17 20:00:00', 1, 1, '2023-01-16 14:20:00', NULL, '2023-01-15 11:30:00'),
(2, 3, 1, 75000.00, 'RUB', '2023-02-10 10:15:00', 'Выдан', 200.00, 'D4E5F6', '2023-02-12 20:00:00', 2, 2, '2023-02-11 12:30:00', NULL, '2023-02-10 10:15:00'),
(3, 4, 1, 120000.00, 'RUB', '2023-03-05 14:45:00', 'Выдан', 300.00, 'G7H8I9', '2023-03-07 20:00:00', 1, 1, '2023-03-06 16:10:00', NULL, '2023-03-05 14:45:00'),
(4, 5, 1, 30000.00, 'RUB', '2023-04-18 09:30:00', 'Отменен', NULL, 'J1K2L3', NULL, 2, NULL, NULL, 'Клиент не явился', '2023-04-18 09:30:00'),
(5, 7, 1, 85000.00, 'RUB', '2023-05-22 16:20:00', 'Выдан', 250.00, 'M4N5O6', '2023-05-24 20:00:00', 1, 1, '2023-05-23 11:45:00', NULL, '2023-05-22 16:20:00'),
(6, 8, 1, 150000.00, 'RUB', '2023-06-30 12:00:00', 'Готов к выдаче', 400.00, 'P7Q8R9', '2023-07-02 20:00:00', 2, NULL, NULL, NULL, '2023-06-30 12:00:00'),
(7, 9, 1, 45000.00, 'RUB', '2023-07-14 13:15:00', 'Выдан', 120.00, 'S1T2U3', '2023-07-16 20:00:00', 1, 2, '2023-07-15 10:30:00', NULL, '2023-07-14 13:15:00'),
(8, 10, 1, 95000.00, 'RUB', '2023-08-25 15:40:00', 'Выдан', 280.00, 'V4W5X6', '2023-08-27 20:00:00', 2, 1, '2023-08-26 14:15:00', NULL, '2023-08-25 15:40:00'),
(13, 14, 1, 65000.00, 'RUB', '2024-01-20 10:45:00', 'Подтвержден', 180.00, 'B1C2D3', '2024-01-22 20:00:00', 2, NULL, NULL, NULL, '2024-01-20 10:45:00');

-- Отделение 2 (СПб) - 8 заказов
INSERT INTO ЗаказНаличных (клиент_id, счет_id, отделение_id, сумма, валюта, дата_запроса, статус_Заказа, комиссия, код_получения, срок_получения, назначенный_сотрудник_id, выполнивший_сотрудник_id, дата_выполнения, причина_отмены, дата_создания)
VALUES
(4, 5, 2, 55000.00, 'RUB', '2023-04-10 12:30:00', 'Выдан', 160.00, 'E4F5G6', '2023-04-12 20:00:00', 4, 4, '2023-04-11 15:20:00', NULL, '2023-04-10 12:30:00'),
(5, 7, 2, 90000.00, 'RUB', '2023-05-15 09:45:00', 'Выдан', 270.00, 'H7I8J9', '2023-05-17 20:00:00', 5, 5, '2023-05-16 13:40:00', NULL, '2023-05-15 09:45:00'),
(14, 15, 2, 110000.00, 'RUB', '2024-01-25 14:20:00', 'Выдан', 320.00, 'K1L2M3', '2024-01-27 20:00:00', 4, 4, '2024-01-26 11:10:00', NULL, '2024-01-25 14:20:00'),
(15, 16, 2, 40000.00, 'RUB', '2024-02-05 11:15:00', 'Создан', 100.00, 'N4O5P6', '2024-02-07 20:00:00', 5, NULL, NULL, NULL, '2024-02-05 11:15:00'),
(1, 1, 2, 135000.00, 'RUB', '2023-03-20 16:30:00', 'Выдан', 380.00, 'Q7R8S9', '2023-03-22 20:00:00', 4, 5, '2023-03-21 12:15:00', NULL, '2023-03-20 16:30:00'),
(2, 3, 2, 25000.00, 'RUB', '2023-06-12 10:00:00', 'Выдан', 80.00, 'T1U2V3', '2023-06-14 20:00:00', 5, 4, '2023-06-13 09:30:00', NULL, '2023-06-12 10:00:00'),
(3, 4, 2, 180000.00, 'RUB', '2023-09-08 15:50:00', 'Отменен', NULL, 'W4X5Y6', NULL, 4, NULL, NULL, 'Превышен лимит', '2023-09-08 15:50:00'),
(7, 9, 2, 70000.00, 'RUB', '2023-11-18 13:10:00', 'Выдан', 210.00, 'Z7A8B9', '2023-11-20 20:00:00', 5, 5, '2023-11-19 16:45:00', NULL, '2023-11-18 13:10:00');

-- Отделение 3 (Екатеринбург) - 7 заказов
INSERT INTO ЗаказНаличных (клиент_id, счет_id, отделение_id, сумма, валюта, дата_запроса, статус_Заказа, комиссия, код_получения, срок_получения, назначенный_сотрудник_id, выполнивший_сотрудник_id, дата_выполнения, причина_отмены, дата_создания)
VALUES
(6, 8, 3, 95000.00, 'RUB', '2023-06-20 11:40:00', 'Выдан', 280.00, 'C1D2E3', '2023-06-22 20:00:00', 6, 6, '2023-06-21 14:30:00', NULL, '2023-06-20 11:40:00'),
(7, 9, 3, 60000.00, 'RUB', '2023-07-25 09:20:00', 'Выдан', 180.00, 'F4G5H6', '2023-07-27 20:00:00', 7, 7, '2023-07-26 11:50:00', NULL, '2023-07-25 09:20:00'),
(8, 10, 3, 125000.00, 'RUB', '2023-08-30 14:15:00', 'Готов к выдаче', 350.00, 'I7J8K9', '2023-09-01 20:00:00', 6, NULL, NULL, NULL, '2023-08-30 14:15:00'),
(9, 11, 3, 35000.00, 'RUB', '2023-09-15 16:30:00', 'Выдан', 100.00, 'L1M2N3', '2023-09-17 20:00:00', 7, 6, '2023-09-16 12:20:00', NULL, '2023-09-15 16:30:00'),
(10, 12, 3, 150000.00, 'RUB', '2023-10-05 10:45:00', 'Выдан', 400.00, 'O4P5Q6', '2023-10-07 20:00:00', 6, 7, '2023-10-06 15:10:00', NULL, '2023-10-05 10:45:00'),
(11, 13, 3, 80000.00, 'RUB', '2023-11-12 13:50:00', 'Отменен', NULL, 'R7S8T9', NULL, 7, NULL, NULL, 'Клиент отменил заказ', '2023-11-12 13:50:00'),
(2, 3, 3, 45000.00, 'RUB', '2024-01-10 12:00:00', 'Выдан', 130.00, 'U1V2W3', '2024-01-12 20:00:00', 6, 6, '2024-01-11 10:30:00', NULL, '2024-01-10 12:00:00');

-- Отделение 4 (Новосибирск) - 6 заказов
INSERT INTO ЗаказНаличных (клиент_id, счет_id, отделение_id, сумма, валюта, дата_запроса, статус_Заказа, комиссия, код_получения, срок_получения, назначенный_сотрудник_id, выполнивший_сотрудник_id, дата_выполнения, причина_отмены, дата_создания)
VALUES
(8, 10, 4, 70000.00, 'RUB', '2023-08-10 11:20:00', 'Выдан', 210.00, 'X4Y5Z6', '2023-08-12 20:00:00', 9, 9, '2023-08-11 13:40:00', NULL, '2023-08-10 11:20:00'),
(9, 11, 4, 165000.00, 'RUB', '2023-09-20 15:30:00', 'Выдан', 450.00, 'A7B8C9', '2023-09-22 20:00:00', 10, 10, '2023-09-21 16:15:00', NULL, '2023-09-20 15:30:00'),
(1, 1, 4, 55000.00, 'RUB', '2023-10-18 09:45:00', 'Готов к выдаче', 160.00, 'D1E2F3', '2023-10-20 20:00:00', 9, NULL, NULL, NULL, '2023-10-18 09:45:00'),
(3, 4, 4, 130000.00, 'RUB', '2023-11-22 14:10:00', 'Выдан', 360.00, 'G4H5I6', '2023-11-24 20:00:00', 10, 9, '2023-11-23 12:30:00', NULL, '2023-11-22 14:10:00'),
(5, 7, 4, 25000.00, 'RUB', '2023-12-15 10:30:00', 'Выдан', 80.00, 'J7K8L9', '2023-12-17 20:00:00', 9, 10, '2023-12-16 11:45:00', NULL, '2023-12-15 10:30:00'),
(7, 9, 4, 190000.00, 'RUB', '2024-02-08 16:20:00', 'Создан', 500.00, 'M1N2O3', '2024-02-10 20:00:00', 10, NULL, NULL, NULL, '2024-02-08 16:20:00');

-- Отделение 5 (Казань) - 5 заказов
INSERT INTO ЗаказНаличных (клиент_id, счет_id, отделение_id, сумма, валюта, дата_запроса, статус_Заказа, комиссия, код_получения, срок_получения, назначенный_сотрудник_id, выполнивший_сотрудник_id, дата_выполнения, причина_отмены, дата_создания)
VALUES
(10, 12, 5, 85000.00, 'RUB', '2023-10-10 13:15:00', 'Выдан', 250.00, 'P4Q5R6', '2023-10-12 20:00:00', 11, 11, '2023-10-11 14:30:00', NULL, '2023-10-10 13:15:00'),
(11, 13, 5, 50000.00, 'RUB', '2023-11-15 11:30:00', 'Выдан', 150.00, 'S7T8U9', '2023-11-17 20:00:00', 12, 12, '2023-11-16 10:20:00', NULL, '2023-11-15 11:30:00'),
(15, 16, 5, 115000.00, 'RUB', '2024-02-01 15:40:00', 'Подтвержден', 330.00, 'V1W2X3', '2024-02-03 20:00:00', 11, NULL, NULL, NULL, '2024-02-01 15:40:00'),
(4, 5, 5, 30000.00, 'RUB', '2023-05-25 12:10:00', 'Выдан', 90.00, 'Y4Z5A6', '2023-05-27 20:00:00', 12, 11, '2023-05-26 15:30:00', NULL, '2023-05-25 12:10:00'),
(6, 8, 5, 140000.00, 'RUB', '2023-07-08 10:50:00', 'Отменен', NULL, 'B7C8D9', NULL, 11, NULL, NULL, 'Проблемы с верификацией', '2023-07-08 10:50:00');
GO

PRINT '5. ЗаказНаличных - OK';
GO

-- =====================================================
-- 6. Заполнение таблицы ДоставкаНаличных
-- =====================================================
INSERT INTO ДоставкаНаличных (заказ_id, дата_запроса, дата_доставки, статус, инкассаторская_служба_id, номер_автомобиля, водитель, код_подтверждения_доставки, принявший_сотрудник_id, примечания)
VALUES
(1, '2023-01-15 11:35:00', '2023-01-16 09:15:00', 'доставлено', 'ИНКАСС-М', 'А123ВВ 777', 'Сидоров Петр Иванович', 'D7F3-9K2M', 1, 'Доставлено вовремя'),
(2, '2023-02-10 10:20:00', '2023-02-11 08:45:00', 'доставлено', 'ИНКАСС-М', 'В456СС 777', 'Петров Иван Сергеевич', 'E8G4-1L5N', 2, NULL),
(3, '2023-03-05 14:50:00', '2023-03-06 10:30:00', 'доставлено', 'СБ-ИНКАСС', 'С789ЕЕ 177', 'Михайлов Алексей Николаевич', 'F9H5-2M6O', 1, 'Опоздание на 15 минут'),
(5, '2023-05-22 16:25:00', '2023-05-23 09:50:00', 'доставлено', 'ИНКАСС-М', 'К012ММ 777', 'Сидоров Петр Иванович', 'G1I6-3N7P', 1, NULL),
(7, '2023-07-14 13:20:00', '2023-07-15 11:10:00', 'доставлено', 'СБ-ИНКАСС', 'Н345РР 177', 'Васильев Дмитрий Олегович', 'H2J7-4O8Q', 2, NULL),
(8, '2023-08-25 15:45:00', '2023-08-26 10:15:00', 'доставлено', 'ИНКАСС-М', 'Р678СС 777', 'Петров Иван Сергеевич', 'I3K8-5P9R', 1, NULL),
(10, '2023-04-10 12:35:00', '2023-04-11 09:30:00', 'доставлено', 'ИНКАСС-М', 'Т901УУ 777', 'Сидоров Петр Иванович', 'J4L9-6Q1S', 4, NULL),
(11, '2023-05-15 09:50:00', '2023-05-16 11:45:00', 'доставлено', 'СБ-ИНКАСС', 'Ф234ХХ 177', 'Михайлов Алексей Николаевич', 'K5M1-7R2T', 5, NULL),
(12, '2024-01-25 14:25:00', '2024-01-26 10:00:00', 'доставлено', 'ИНКАСС-М', 'Ц567ЧЧ 777', 'Петров Иван Сергеевич', 'L6N2-8S3U', 4, NULL),
(15, '2023-06-20 11:45:00', '2023-06-21 09:20:00', 'доставлено', 'ИНКАСС-УРАЛ', 'Щ890ШШ 96', 'Козлов Андрей Викторович', 'M7O3-9T4V', 6, NULL),
(16, '2023-07-25 09:25:00', '2023-07-26 13:15:00', 'доставлено', 'ИНКАСС-УРАЛ', 'Э123ЮЮ 96', 'Новиков Сергей Павлович', 'N8P4-1U5W', 7, NULL),
(18, '2023-09-15 16:35:00', '2023-09-16 10:30:00', 'доставлено', 'СБ-ИНКАСС', 'Я456ЯЯ 96', 'Лебедев Михаил Игоревич', 'O9Q5-2V6X', 7, NULL),
(19, '2023-10-05 10:50:00', '2023-10-06 11:50:00', 'доставлено', 'ИНКАСС-УРАЛ', 'А789АА 96', 'Козлов Андрей Викторович', 'P1R6-3W7Y', 6, NULL),
(22, '2023-08-10 11:25:00', '2023-08-11 09:40:00', 'доставлено', 'ИНКАСС-СИБ', 'В012ВВ 154', 'Зайцев Илья Владимирович', 'Q2S7-4X8Z', 9, NULL),
(23, '2023-09-20 15:35:00', '2023-09-21 12:15:00', 'доставлено', 'ИНКАСС-СИБ', 'С345СС 154', 'Волков Константин Андреевич', 'R3T8-5Y9A', 10, NULL),
(25, '2023-11-22 14:15:00', '2023-11-23 10:45:00', 'доставлено', 'СБ-ИНКАСС', 'У678УУ 154', 'Тарасов Евгений Викторович', 'S4U9-6Z1B', 9, NULL),
(26, '2023-12-15 10:35:00', '2023-12-16 09:10:00', 'доставлено', 'ИНКАСС-СИБ', 'Х901ХХ 154', 'Зайцев Илья Владимирович', 'T5V1-7A2C', 10, NULL),
(28, '2023-10-10 13:20:00', '2023-10-11 10:30:00', 'доставлено', 'ИНКАСС-ТАТ', 'О234ОО 116', 'Хакимов Рустам Маратович', 'U6W2-8B3D', 11, NULL),
(29, '2023-11-15 11:35:00', '2023-11-16 09:50:00', 'доставлено', 'ИНКАСС-ТАТ', 'Р567РР 116', 'Сафин Ильдар Рамилевич', 'V7X3-9C4E', 12, NULL),
(31, '2023-05-25 12:15:00', '2023-05-26 11:30:00', 'доставлено', 'ИНКАСС-ТАТ', 'С890СС 116', 'Хакимов Рустам Маратович', 'W8Y4-1D5F', 12, NULL);
GO

PRINT '6. ДоставкаНаличных - OK';
GO

-- =====================================================
-- 7. Заполнение таблицы Транзакция
-- =====================================================
INSERT INTO Транзакция (заказ_id, счет_id, тип_транзакции, сумма, валюта, дата_транзакции, статус, внешний_id_транзакции, сообщение_об_ошибке)
VALUES
(1, 1, 'блокировка', 50000.00, 'RUB', '2023-01-15 11:32:00', 'успешно', 'TRX-20230115-001', NULL),
(1, 1, 'списание', 50000.00, 'RUB', '2023-01-16 14:20:00', 'успешно', 'TRX-20230116-002', NULL),
(2, 3, 'блокировка', 75000.00, 'RUB', '2023-02-10 10:17:00', 'успешно', 'TRX-20230210-003', NULL),
(2, 3, 'списание', 75000.00, 'RUB', '2023-02-11 12:30:00', 'успешно', 'TRX-20230211-004', NULL),
(3, 4, 'блокировка', 120000.00, 'RUB', '2023-03-05 14:47:00', 'успешно', 'TRX-20230305-005', NULL),
(3, 4, 'списание', 120000.00, 'RUB', '2023-03-06 16:10:00', 'успешно', 'TRX-20230306-006', NULL),
(4, 5, 'блокировка', 30000.00, 'RUB', '2023-04-18 09:32:00', 'успешно', 'TRX-20230418-007', NULL),
(5, 7, 'блокировка', 85000.00, 'RUB', '2023-05-22 16:22:00', 'успешно', 'TRX-20230522-009', NULL),
(5, 7, 'списание', 85000.00, 'RUB', '2023-05-23 11:45:00', 'успешно', 'TRX-20230523-010', NULL),
(6, 8, 'блокировка', 150000.00, 'RUB', '2023-06-30 12:02:00', 'успешно', 'TRX-20230630-011', NULL),
(7, 9, 'блокировка', 45000.00, 'RUB', '2023-07-14 13:17:00', 'успешно', 'TRX-20230714-012', NULL),
(7, 9, 'списание', 45000.00, 'RUB', '2023-07-15 10:30:00', 'успешно', 'TRX-20230715-013', NULL),
(8, 10, 'блокировка', 95000.00, 'RUB', '2023-08-25 15:42:00', 'успешно', 'TRX-20230825-014', NULL),
(8, 10, 'списание', 95000.00, 'RUB', '2023-08-26 14:15:00', 'успешно', 'TRX-20230826-015', NULL),
(9, 14, 'блокировка', 65000.00, 'RUB', '2024-01-20 10:47:00', 'успешно', 'TRX-20240120-016', NULL),
(10, 5, 'блокировка', 55000.00, 'RUB', '2023-04-10 12:32:00', 'успешно', 'TRX-20230410-017', NULL),
(10, 5, 'списание', 55000.00, 'RUB', '2023-04-11 15:20:00', 'успешно', 'TRX-20230411-018', NULL),
(11, 7, 'блокировка', 90000.00, 'RUB', '2023-05-15 09:47:00', 'успешно', 'TRX-20230515-019', NULL),
(11, 7, 'списание', 90000.00, 'RUB', '2023-05-16 13:40:00', 'успешно', 'TRX-20230516-020', NULL),
(12, 15, 'блокировка', 110000.00, 'RUB', '2024-01-25 14:22:00', 'успешно', 'TRX-20240125-021', NULL),
(12, 15, 'списание', 110000.00, 'RUB', '2024-01-26 11:10:00', 'успешно', 'TRX-20240126-022', NULL),
(15, 8, 'блокировка', 95000.00, 'RUB', '2023-06-20 11:42:00', 'успешно', 'TRX-20230620-023', NULL),
(15, 8, 'списание', 95000.00, 'RUB', '2023-06-21 14:30:00', 'успешно', 'TRX-20230621-024', NULL),
(16, 9, 'блокировка', 60000.00, 'RUB', '2023-07-25 09:22:00', 'успешно', 'TRX-20230725-025', NULL),
(16, 9, 'списание', 60000.00, 'RUB', '2023-07-26 11:50:00', 'успешно', 'TRX-20230726-026', NULL);
GO

PRINT '7. Транзакция - OK';
GO

-- =====================================================
-- 8. Заполнение таблицы Лимит
-- =====================================================
INSERT INTO Лимит (клиент_id, тип_лимита, сумма_лимита, начало_периода, конец_периода, текущее_использование, дата_последнего_сброса)
VALUES
(1, 'дневной', 100000.00, '2024-02-01', '2024-02-29', 65000.00, '2024-02-01'),
(1, 'месячный', 500000.00, '2024-02-01', '2024-02-29', 65000.00, '2024-02-01'),
(1, 'макс_заказ', 300000.00, '2024-01-01', '2024-12-31', NULL, NULL),
(2, 'дневной', 150000.00, '2024-02-01', '2024-02-29', 120000.00, '2024-02-01'),
(2, 'месячный', 600000.00, '2024-02-01', '2024-02-29', 120000.00, '2024-02-01'),
(3, 'месячный', 400000.00, '2024-01-01', '2024-01-31', 400000.00, '2024-01-01'),
(4, 'дневной', 80000.00, '2024-02-01', '2024-02-29', 55000.00, '2024-02-01'),
(5, 'месячный', 700000.00, '2023-12-01', '2023-12-31', 25000.00, '2023-12-01'),
(6, 'макс_заказ', 500000.00, '2023-01-01', '2023-12-31', NULL, NULL),
(7, 'дневной', 120000.00, '2024-02-01', '2024-02-29', 45000.00, '2024-02-01'),
(8, 'месячный', 550000.00, '2024-01-01', '2024-01-31', 165000.00, '2024-01-01'),
(9, 'дневной', 90000.00, '2024-02-01', '2024-02-29', 35000.00, '2024-02-01'),
(10, 'месячный', 800000.00, '2023-10-01', '2023-10-31', 85000.00, '2023-10-01'),
(11, 'макс_заказ', 400000.00, '2023-01-01', '2023-12-31', NULL, NULL);
GO

PRINT '8. Лимит - OK';
GO

-- =====================================================
-- 9. Заполнение таблицы ПроверкаБезопасности
-- =====================================================
INSERT INTO ПроверкаБезопасности (заказ_id, тип_проверки, дата_проверки, статус, оценка_риска, сотрудник_безопасности_id, дата_решения, комментарии_решения, причина_авто_блокировки)
VALUES
(1, 'фрод-мониторинг', '2023-01-15 11:33:00', 'одобрено', 15, 3, '2023-01-15 11:45:00', 'Обычная операция', NULL),
(2, 'фрод-мониторинг', '2023-02-10 10:18:00', 'одобрено', 10, 3, '2023-02-10 10:30:00', 'Клиент надежный', NULL),
(3, 'верификация личности', '2023-03-05 14:48:00', 'одобрено', 5, 3, '2023-03-05 15:15:00', 'Паспорт проверен', NULL),
(4, 'фрод-мониторинг', '2023-04-18 09:33:00', 'отклонено', 85, 3, '2023-04-18 10:00:00', 'Подозрительная геолокация', NULL),
(5, 'фрод-мониторинг', '2023-05-22 16:23:00', 'одобрено', 20, 3, '2023-05-22 16:40:00', 'OK', NULL),
(6, 'верификация личности', '2023-06-30 12:03:00', 'на рассмотрении', 45, 8, NULL, NULL, NULL),
(7, 'фрод-мониторинг', '2023-07-14 13:18:00', 'одобрено', 12, 8, '2023-07-14 13:35:00', 'Одобрено', NULL),
(8, 'фрод-мониторинг', '2023-08-25 15:43:00', 'одобрено', 18, 8, '2023-08-25 16:00:00', 'OK', NULL),
(9, 'верификация личности', '2024-01-20 10:48:00', 'одобрено', 8, 3, '2024-01-20 11:10:00', 'Верификация пройдена', NULL),
(10, 'фрод-мониторинг', '2023-04-10 12:33:00', 'одобрено', 15, 3, '2023-04-10 12:50:00', 'OK', NULL),
(11, 'фрод-мониторинг', '2023-05-15 09:52:00', 'одобрено', 10, 3, '2023-05-15 10:15:00', 'OK', NULL),
(12, 'верификация личности', '2024-01-25 14:27:00', 'одобрено', 5, 3, '2024-01-25 14:45:00', 'OK', NULL),
(13, 'фрод-мониторинг', '2024-02-05 11:17:00', 'на рассмотрении', 25, 8, NULL, NULL, NULL),
(15, 'фрод-мониторинг', '2023-06-20 11:47:00', 'одобрено', 12, 8, '2023-06-20 12:05:00', 'OK', NULL),
(16, 'фрод-мониторинг', '2023-07-25 09:27:00', 'одобрено', 8, 8, '2023-07-25 09:45:00', 'OK', NULL),
(17, 'верификация личности', '2023-08-30 14:17:00', 'одобрено', 20, 8, '2023-08-30 14:40:00', 'OK', NULL),
(18, 'фрод-мониторинг', '2023-09-15 16:37:00', 'одобрено', 10, 8, '2023-09-15 16:55:00', 'OK', NULL),
(19, 'фрод-мониторинг', '2023-10-05 10:52:00', 'одобрено', 15, 8, '2023-10-05 11:15:00', 'OK', NULL),
(20, 'фрод-мониторинг', '2023-11-12 13:52:00', 'отклонено', 75, 8, '2023-11-12 14:20:00', 'Клиент отменил', NULL),
(21, 'верификация личности', '2024-01-10 12:02:00', 'одобрено', 5, 8, '2024-01-10 12:25:00', 'OK', NULL),
(22, 'фрод-мониторинг', '2023-08-10 11:22:00', 'одобрено', 10, 8, '2023-08-10 11:40:00', 'OK', NULL),
(23, 'фрод-мониторинг', '2023-09-20 15:32:00', 'одобрено', 15, 8, '2023-09-20 15:50:00', 'OK', NULL),
(25, 'фрод-мониторинг', '2023-11-22 14:12:00', 'одобрено', 12, 8, '2023-11-22 14:30:00', 'OK', NULL),
(26, 'фрод-мониторинг', '2023-12-15 10:32:00', 'одобрено', 8, 8, '2023-12-15 10:50:00', 'OK', NULL);
GO

PRINT '9. ПроверкаБезопасности - OK';
GO

-- =====================================================
-- 10. Заполнение таблицы Уведомление
-- =====================================================
INSERT INTO Уведомление (заказ_id, тип_уведомления, канал, тема, сообщение, дата_отправки, статус, дата_прочтения, сообщение_об_ошибке)
VALUES
(1, 'статус', 'sms', 'Статус заказа', 'Ваш заказ №1 принят и обрабатывается', '2023-01-15 11:35:00', 'доставлено', NULL, NULL),
(1, 'статус', 'push', 'Статус заказа', 'Ваш заказ №1 готов к выдаче', '2023-01-16 09:00:00', 'прочитано', '2023-01-16 09:05:00', NULL),
(1, 'статус', 'email', 'Заказ получен', 'Вы получили заказ №1. Спасибо!', '2023-01-16 14:30:00', 'доставлено', NULL, NULL),
(2, 'статус', 'sms', 'Статус заказа', 'Ваш заказ №2 принят', '2023-02-10 10:20:00', 'доставлено', NULL, NULL),
(2, 'статус', 'sms', 'Статус заказа', 'Заказ №2 готов к выдаче', '2023-02-11 10:00:00', 'доставлено', NULL, NULL),
(3, 'статус', 'email', 'Подтверждение заказа', 'Заказ №3 на сумму 120000 руб. создан', '2023-03-05 14:50:00', 'прочитано', '2023-03-05 15:10:00', NULL),
(4, 'проблема', 'email', 'Проблема с заказом', 'Заказ №4 отменен. Причина: неявка клиента', '2023-04-19 10:00:00', 'доставлено', NULL, NULL),
(5, 'статус', 'push', 'Заказ готов', 'Заказ №5 ждет вас в отделении', '2023-05-23 10:00:00', 'прочитано', '2023-05-23 10:05:00', NULL),
(6, 'напоминание', 'sms', 'Напоминание', 'Заказ №6 будет готов через день', '2023-07-01 12:00:00', 'доставлено', NULL, NULL),
(7, 'статус', 'email', 'Заказ выполнен', 'Заказ №7 успешно получен', '2023-07-15 10:35:00', 'прочитано', '2023-07-15 11:00:00', NULL),
(10, 'новая_заявка', 'внутреннее', 'Новый заказ', 'Поступил новый заказ №10', '2023-04-10 12:35:00', 'прочитано', '2023-04-10 12:40:00', NULL),
(12, 'готова_выдача', 'внутреннее', 'Заказ готов к выдаче', 'Заказ №12 готов к выдаче', '2024-01-26 10:05:00', 'доставлено', NULL, NULL),
(15, 'новая_заявка', 'внутреннее', 'Новый заказ', 'Поступил новый заказ №15', '2023-06-20 11:47:00', 'прочитано', '2023-06-20 12:00:00', NULL),
(28, 'статус', 'sms', 'Статус заказа', 'Заказ №28 принят', '2023-10-10 13:20:00', 'ошибка', NULL, 'Неверный номер телефона'),
(31, 'проверка', 'внутреннее', 'Требуется проверка', 'Заказ №31 требует проверки безопасности', '2023-05-26 11:45:00', 'прочитано', '2023-05-26 12:00:00', NULL);
GO

PRINT '10. Уведомление - OK';
GO

-- =====================================================
-- 11. Заполнение таблицы УведомлениеКлиенту
-- =====================================================
INSERT INTO УведомлениеКлиенту (уведомление_id, клиент_id)
VALUES
(1, 1), (2, 1), (3, 1), (4, 2), (5, 2), (6, 3), (7, 4), (8, 5), (9, 6), (10, 7), (14, 10), (15, 6);
GO

PRINT '11. УведомлениеКлиенту - OK';
GO

-- =====================================================
-- 12. Заполнение таблицы УведомлениеСотруднику
-- =====================================================
INSERT INTO УведомлениеСотруднику (уведомление_id, сотрудник_id)
VALUES
(11, 1), (11, 2), (12, 4), (13, 6), (13, 7), (14, 11), (15, 8);
GO

PRINT '12. УведомлениеСотруднику - OK';
GO

-- =====================================================
-- 13. Заполнение таблицы ИсторияСтатусовЗаказа
-- =====================================================
INSERT INTO ИсторияСтатусовЗаказа (заказ_id, сотрудник_id, старый_статус, новый_статус, дата_изменения, причина_изменения, ip_адрес)
VALUES
(1, NULL, 'Создан', 'Подтвержден', '2023-01-15 11:32:00', 'Автоматическое подтверждение', '10.0.0.1'),
(1, 1, 'Подтвержден', 'Готов к выдаче', '2023-01-16 09:00:00', 'Наличные доставлены в отделение', '10.0.0.2'),
(1, 1, 'Готов к выдаче', 'Выдан', '2023-01-16 14:20:00', 'Выдано клиенту', '10.0.0.2'),
(2, NULL, 'Создан', 'Подтвержден', '2023-02-10 10:17:00', 'Автоматическое подтверждение', '10.0.0.1'),
(2, 2, 'Подтвержден', 'Готов к выдаче', '2023-02-11 10:00:00', 'Наличные доставлены', '10.0.0.3'),
(2, 2, 'Готов к выдаче', 'Выдан', '2023-02-11 12:30:00', 'Выдано клиенту', '10.0.0.3'),
(3, NULL, 'Создан', 'Подтвержден', '2023-03-05 14:47:00', 'Автоматическое подтверждение', '10.0.0.1'),
(3, 1, 'Подтвержден', 'Готов к выдаче', '2023-03-06 10:30:00', 'Наличные доставлены', '10.0.0.2'),
(3, 1, 'Готов к выдаче', 'Выдан', '2023-03-06 16:10:00', 'Выдано клиенту', '10.0.0.2'),
(4, NULL, 'Создан', 'Подтвержден', '2023-04-18 09:32:00', 'Автоматическое подтверждение', '10.0.0.1'),
(4, 2, 'Подтвержден', 'Отменен', '2023-04-19 10:00:00', 'Клиент не явился в течение срока', '10.0.0.3'),
(5, NULL, 'Создан', 'Подтвержден', '2023-05-22 16:22:00', 'Автоматическое подтверждение', '10.0.0.1'),
(5, 1, 'Подтвержден', 'Готов к выдаче', '2023-05-23 10:00:00', 'Наличные доставлены', '10.0.0.2'),
(5, 1, 'Готов к выдаче', 'Выдан', '2023-05-23 11:45:00', 'Выдано клиенту', '10.0.0.2'),
(6, NULL, 'Создан', 'Подтвержден', '2023-06-30 12:02:00', 'Автоматическое подтверждение', '10.0.0.1'),
(7, NULL, 'Создан', 'Подтвержден', '2023-07-14 13:17:00', 'Автоматическое подтверждение', '10.0.0.1'),
(7, 1, 'Подтвержден', 'Готов к выдаче', '2023-07-15 10:00:00', 'Наличные доставлены', '10.0.0.2'),
(7, 2, 'Готов к выдаче', 'Выдан', '2023-07-15 10:30:00', 'Выдано клиенту', '10.0.0.3'),
(10, NULL, 'Создан', 'Подтвержден', '2023-04-10 12:32:00', 'Автоматическое подтверждение', '10.0.0.1'),
(10, 4, 'Подтвержден', 'Готов к выдаче', '2023-04-11 09:30:00', 'Наличные доставлены', '10.0.1.1'),
(10, 4, 'Готов к выдаче', 'Выдан', '2023-04-11 15:20:00', 'Выдано клиенту', '10.0.1.1'),
(20, 7, 'Создан', 'Отменен', '2023-11-12 14:00:00', 'Клиент отменил заказ по телефону', '10.0.2.3'),
(32, NULL, 'Создан', 'Отменен', '2023-07-08 11:00:00', 'Автоматическая отмена: проблемы с верификацией', '10.0.0.1');
GO

PRINT '13. ИсторияСтатусовЗаказа - OK';
GO

-- =====================================================
-- 14. Заполнение таблицы НеудачныйЗаказ
-- =====================================================
INSERT INTO НеудачныйЗаказ (заказ_id, клиент_id, тип_ошибки, дата_ошибки, запрошенная_сумма, детали_ошибки, рекомендуемое_действие, повтор_разрешен, дата_повтора, разрешено, дата_разрешения)
VALUES
(4, 4, 'неявка_клиента', '2023-04-19 10:00:00', 30000.00, 'Клиент не явился в течение 3 дней', 'Связаться с клиентом для уточнения причин', 1, '2023-04-25 11:30:00', 0, '2023-04-25 11:30:00'),
(20, 11, 'отмена_клиентом', '2023-11-12 14:00:00', 80000.00, 'Клиент позвонил и отменил заказ', 'Без действий', 0, NULL, NULL, NULL),
(32, 6, 'верификация', '2023-07-08 11:00:00', 140000.00, 'Проблемы с верификацией личности', 'Клиенту необходимо явиться в отделение с паспортом', 1, '2023-07-15 10:30:00', 1, '2023-07-15 11:45:00'),
(NULL, 3, 'превышен_лимит', '2023-09-08 16:00:00', 180000.00, 'Превышен месячный лимит операций', 'Уменьшить сумму или дождаться нового месяца', 0, NULL, NULL, NULL);
GO

PRINT '14. НеудачныйЗаказ - OK';
GO

-- =====================================================
-- Проверка заполнения
-- =====================================================
PRINT '=================== СТАТИСТИКА ЗАПОЛНЕНИЯ ===================';
SELECT 'ОтделениеБанка' AS Таблица, COUNT(*) AS Количество_записей FROM ОтделениеБанка UNION ALL
SELECT 'Клиент', COUNT(*) FROM Клиент UNION ALL
SELECT 'Сотрудник', COUNT(*) FROM Сотрудник UNION ALL
SELECT 'БанковскийСчет', COUNT(*) FROM БанковскийСчет UNION ALL
SELECT 'ЗаказНаличных', COUNT(*) FROM ЗаказНаличных UNION ALL
SELECT 'ДоставкаНаличных', COUNT(*) FROM ДоставкаНаличных UNION ALL
SELECT 'Транзакция', COUNT(*) FROM Транзакция UNION ALL
SELECT 'Лимит', COUNT(*) FROM Лимит UNION ALL
SELECT 'ПроверкаБезопасности', COUNT(*) FROM ПроверкаБезопасности UNION ALL
SELECT 'Уведомление', COUNT(*) FROM Уведомление UNION ALL
SELECT 'УведомлениеКлиенту', COUNT(*) FROM УведомлениеКлиенту UNION ALL
SELECT 'УведомлениеСотруднику', COUNT(*) FROM УведомлениеСотруднику UNION ALL
SELECT 'ИсторияСтатусовЗаказа', COUNT(*) FROM ИсторияСтатусовЗаказа UNION ALL
SELECT 'НеудачныйЗаказ', COUNT(*) FROM НеудачныйЗаказ
ORDER BY Таблица;
GO
